date,adjClose,adjHigh,adjLow
2004-12-17,36.0831816495525,36.2533853365787,28.3559342585634
2004-12-24,33.0195152830811,36.7503801026952,31.0451525135772
2004-12-31,32.6791079090287,33.3667308046145,31.6578857868715
2005-01-07,31.011111776172,33.9726559304277,30.8477162366269
2005-01-14,29.5473600677468,31.5217228372506,28.1925387190183
2005-01-21,29.3090749059101,31.433216919997,28.5261379455896
2005-01-28,28.7303823700211,30.4732681251692,28.2538120463477
2005-02-04,32.4203983047489,32.6791079090287,28.9550512368956
2005-02-11,32.0323338983292,33.6935218837048,31.7123509667199
2005-02-18,33.3939633945387,34.9938780525849,31.9029790961893
2005-02-25,33.0195152830811,33.3599226571334,31.2834376754139
2005-03-04,32.9037767759033,34.7011277108998,32.3387005349763
2005-03-11,31.3106702653381,34.0407374052382,30.1260526036358
2005-03-18,33.1829108226262,33.9045744556173,31.5898043120611
2005-03-25,31.3174784128192,33.4620448693492,30.9838791862478
2005-04-01,30.1328607511169,31.5898043120611,29.6630985749246
2005-04-08,29.5677845101899,30.86814067907,28.6623008952106
2005-04-15,27.8112824600796,30.5345414524987,27.5049158234325
2005-04-22,25.1901456798763,28.151689834132,24.7816568310134
2005-04-29,25.4965123165234,27.1985491867853,25.1901456798763
2005-05-06,24.5093309317715,26.1637107696661,23.6242717592353
2005-05-13,22.9434570111306,24.9518605180396,22.718788144256
2005-05-20,25.2718434496488,25.3603493669025,22.5349681622677
2005-05-27,25.3195004820162,25.7824545107274,24.2097724426054
2005-06-03,26.5517751760858,27.1917410393043,24.6863427662787
2005-06-10,25.3126923345351,26.6334729458584,24.6454938813925
2005-06-17,27.1985491867853,27.1985491867853,25.3263086294972
2005-06-24,25.6667160035496,27.1236595644938,25.0675990252174
2005-07-01,24.6795346187977,25.9390419027915,23.9919117232119
2005-07-08,25.6735241510307,25.7007567409548,24.2370050325296
2005-07-15,25.8096871006516,26.0752048524125,25.3399249244593
2005-07-22,27.436834348622,27.5593810032809,25.727989330879
2005-07-29,27.3823691687736,27.443642496103,25.3943901043077
2005-08-05,25.8301115430948,27.729584690307,25.3603493669025
2005-08-12,25.7347974783601,25.9254256078294,25.3263086294972
2005-08-19,25.1969538273573,25.870960427981,24.9790931079638
2005-08-26,24.4208250145179,25.5237449064476,23.6991613815268
2005-09-02,24.3323190972643,25.0199419928501,23.7876672987805
2005-09-09,25.8164952481327,26.5177344386806,24.1212665253518
2005-09-16,23.8217080361857,26.013931525083,23.6583124966406
2005-09-23,22.0447815436323,23.8217080361857,21.0167512739941
2005-09-30,22.4056133601278,22.6507066694455,21.0916408962856
2005-10-07,22.1605200508101,23.1068525506757,21.4524727127811
2005-10-14,21.3571586480465,22.8072940615096,19.8797906446591
2005-10-21,22.0243571011891,22.5213518673056,19.7980928748865
2005-10-28,22.5417763097487,23.4881088096144,21.5137460401106
2005-11-04,25.6394834136254,26.007123377602,22.6234740795213
2005-11-11,27.7704335751933,28.0768002118405,25.2309945647626
2005-11-18,28.5193297981086,28.573794977957,26.5721996185289
2005-11-25,30.9157977114373,31.6170369019852,28.3627424060445
2005-12-02,27.8044743125986,31.3106702653381,27.5729972982429
2005-12-09,27.3755610212926,28.3899749959687,26.7900603379225
2005-12-16,26.3679551940975,27.8112824600796,25.9186174603484
2005-12-23,27.6342706255724,27.9134046722953,26.007123377602
2005-12-30,26.871758107695,27.8112824600796,26.8581418127329
2006-01-06,28.3287016686392,28.5397542405517,26.1705189171471
2006-01-13,32.9173930708654,33.2237597075125,28.2606201938288
2006-01-20,33.8092603908826,34.0271211102761,32.005101308405
2006-01-27,33.0467478730053,33.577783376527,31.3515191502244
2006-02-03,33.4688530168302,35.1232328547248,32.7063404989529
2006-02-10,32.4816716320783,33.6526729988185,31.4264087725159
2006-02-17,36.1444549768819,37.8056429622576,32.1072235206207
2006-02-24,37.730753339966,38.6498532499075,35.9538268474126
2006-03-03,36.3895482861996,37.730753339966,35.7768150129054
2006-03-10,35.7904313078675,39.5076798325195,35.6134194733602
2006-03-17,34.3811447792906,36.151263124363,33.5301263441596
2006-03-24,35.6951172431328,36.015100174742,33.8501092757689
2006-03-31,38.5749636276159,38.7928243470095,34.8917558403692
2006-04-07,41.8088336811136,43.013875785259,37.2269504263685
2006-04-14,43.6402253535154,43.8853186628331,40.2293434655105
2006-04-21,43.5517194362618,45.5642078316595,42.8572883931949
2006-04-28,44.1236038246698,44.5593252634568,41.3594959473644
2006-05-05,48.5557078348318,48.8144174391116,43.1432305873989
2006-05-12,46.3771006408965,49.7947225949076,46.0979665941736
2006-05-19,47.2485435184706,48.2697656406278,45.1039770619406
2006-05-26,47.4051309105347,49.0867433383535,39.4872553900763
2006-06-02,48.0655212161964,49.0663188959103,45.4103436985878
2006-06-09,44.8793081950661,48.6714463420096,43.3406668643493
2006-06-16,45.9890362344768,46.7665266768125,41.2777981775919
2006-06-23,45.5260822057656,47.1055724213686,44.3210401016201
2006-06-30,53.0082362874369,53.7162836254659,44.6001741483431
2006-07-07,50.2509365576126,53.0082362874369,49.7539417914962
2006-07-14,46.00946067692,51.163228320073,45.6213962705003
2006-07-21,44.1984934469613,48.1812597233742,44.0487142023782
2006-07-28,42.7347417385361,47.445979795421,39.2694627521576
2006-08-04,42.2105143824954,44.7703778353693,40.1067968108517
2006-08-11,41.0735537531604,42.43518324937,40.1816864331432
2006-08-18,46.2205132488324,46.4724147056312,41.2709900301108
2006-08-25,45.1175933569027,46.7038917199868,44.1848771519992
2006-09-01,46.9421768818235,48.9369640937704,45.2742488304416
2006-09-08,47.153229453736,47.582142745042,45.3831111086636
2006-09-15,46.0979665941736,49.542072241886,45.7779836625643
2006-09-22,44.436778608798,46.6290020976953,43.7763883031363
2006-09-29,46.5336880329606,47.2553516659517,43.3542831593114
2006-10-06,48.7531441117822,49.6586277267615,44.9746222598007
2006-10-13,51.5036356941254,51.6602230861895,48.4127367377298
2006-10-20,52.0823282300145,53.7026673305038,51.306199417175
2006-10-27,51.0883386977815,52.8993059277402,50.5641113417408
2006-11-03,49.4952321872164,52.8993059277402,48.439969327654
2006-11-10,59.3942786246596,60.2521052072716,49.5701218095079
2006-11-17,61.7158569156969,63.2476900989326,58.7066557290738
2006-11-24,62.8596256925129,64.8476047569788,60.6878266460587
2006-12-01,61.7498976531021,65.9709490913517,60.9873851352248
2006-12-08,64.3233774009381,66.2092342531883,62.6417649731194
2006-12-15,61.4299147214929,65.5828846849319,61.1031236424026
2006-12-22,60.3542274194874,63.6085219154281,60.1499829950559
2006-12-29,60.9193036604143,62.1379620595218,60.0887096677265
2007-01-05,61.9132931926473,63.2272656564895,61.1916295596562
2007-01-12,70.6277219683882,72.7790965723993,61.4979961963033
2007-01-19,71.1383330294668,74.2428482808245,67.0602526883193
2007-01-26,71.3425774538982,74.5151741800665,69.8609203175978
2007-02-02,70.2941227418169,72.745055834994,69.456720601648
2007-02-09,63.9421211419995,71.8191477775716,63.4859752607693
2007-02-16,62.6009160882331,63.9693537319236,61.5048043437844
2007-02-23,62.5192183184605,64.1055166815446,61.7158569156969
2007-03-02,57.4675728875231,63.4859752607693,56.0446700639842
2007-03-09,59.019830513202,60.1159422576507,55.1459945964859
2007-03-16,58.9857897757968,59.6053311965721,55.5544834453488
2007-03-23,62.0903050271545,63.4247019334398,59.1287608728988
2007-03-30,58.9653653333536,62.444328696169,58.1756202255521
2007-04-06,60.5244311065135,61.3754495416445,58.4956031571613
2007-04-13,60.1227504051317,61.5048043437844,57.6309684270683
2007-04-20,61.2052458546183,62.587299793271,59.4078949196217
2007-04-27,60.5312392539946,62.2060435343323,60.1227504051317
2007-05-04,55.6974545424508,60.5108148115514,55.309390136031
2007-05-11,54.1315806218098,56.2216818984914,52.4227356040668
2007-05-18,52.2184911796354,54.6353835354073,51.9121245429883
2007-05-25,52.1367934098628,55.1459945964859,51.1768446150351
2007-06-01,54.6694242728126,54.737505747623,51.2653505322887
2007-06-08,54.3698657836465,56.2557226358967,53.0490851723232
2007-06-15,52.2729563594838,55.5204427079435,52.0414793451282
2007-06-22,50.9589838956416,52.6950615033088,50.8092046510586
2007-06-29,52.0074386077229,53.1035503521716,48.5012426549834
2007-07-06,54.8055872224335,55.2617331036637,51.442362366796
2007-07-13,55.2889656935879,55.7587278697802,52.5725148486499
2007-07-20,57.0250433012551,58.0530735708932,55.023447941827
2007-07-27,57.0590840386603,59.3193890023681,54.9825990569408
2007-08-03,63.8331907823027,66.6177231020512,56.5961300099491
2007-08-10,68.4014577420857,74.8896222915241,63.0911027068685
2007-08-17,64.2008307462793,70.0626457274613,59.2717319700008
2007-08-24,69.2865169146219,69.6133079937121,63.7923418974164
2007-08-31,67.877230386045,70.0354131375371,64.5140055304075
2007-09-07,68.1427481378059,70.5255997561725,67.4755496846632
2007-09-14,82.167531948764,82.9913177939708,67.0942934257245
2007-09-21,88.2676320917827,90.8002629547324,81.2960890711899
2007-09-28,90.8343036921376,97.1863052919551,88.8599409226338
2007-10-05,87.8591432429198,99.1062028816105,83.025358531376
2007-10-12,94.1226389254837,98.2075274141122,86.6677174337365
2007-10-19,85.8643560309729,95.6748965511625,85.1018435130955
2007-10-26,94.5855929541949,94.6468662815243,83.7538303118481
2007-11-02,79.4987381361933,101.278001928065,74.1339179211278
2007-11-09,78.9132374528232,80.8467513374408,71.5672463207728
2007-11-16,80.8535594849218,81.6977697725717,76.1150888381126
2007-11-23,75.7746814640603,78.9745107801527,74.3177379031161
2007-11-30,77.2043924350803,79.4306566613828,72.2208284789534
2007-12-07,80.9352572546944,81.0169550244669,73.9773305290637
2007-12-14,80.1318958519308,83.7129814269618,78.6681441435055
2007-12-21,73.5279927953145,80.7310128302629,72.9969572917928
2007-12-28,72.2684855113207,75.1959889281712,71.730641860318
2008-01-04,60.3678437144494,72.2684855113207,60.1159422576507
2008-01-11,57.3586425278264,60.7899488582744,56.1808330136051
2008-01-18,51.4695949567202,58.9653653333536,50.0398839857002
2008-01-25,55.3366227259552,61.0282340201111,48.1336026910068
2008-02-01,59.8095756210035,62.2945494515859,53.7979813952385
2008-02-08,60.4903903691083,63.8944641096321,55.2072679238153
2008-02-15,60.5380474014756,64.8544129044598,59.5780986066479
2008-02-22,59.8980815382572,61.593310261038,57.3109854954591
2008-02-29,56.7118685171269,61.4639554588981,54.8396279598388
2008-03-07,53.8115976902006,56.3169959632261,51.9529734278746
2008-03-14,50.9385594531985,55.8268093445907,49.4952321872164
2008-03-21,52.3955030141426,52.8516488953728,47.6570323673335
2008-03-28,50.1011573130296,57.3858751177506,49.5496973670647
2008-04-04,53.8115976902006,55.9629722942116,49.1412085182019
2008-04-11,52.1163689674197,56.5961300099491,51.6466067912274
2008-04-18,46.1388154790599,52.9810036975127,44.7431452454451
2008-04-25,47.8544686442839,50.3394424748663,44.1644527095561
2008-05-02,49.6245869893563,52.4227356040668,46.3294436085292
2008-05-09,48.8348418815547,51.2857749747319,47.4527879429021
2008-05-16,51.8031941832915,52.0823282300145,46.9218205208552
2008-05-23,45.6486288604244,51.5308682840496,45.3150296338531
2008-05-30,47.2757761083948,47.6297997774093,43.2793935370199
2008-06-06,41.9722292206587,47.1396131587739,41.5977811092011
2008-06-13,38.01669553417,42.3739099220405,36.5120949408585
2008-06-20,37.4175785558378,41.0531293107173,36.7776126926194
2008-06-27,32.0663746357344,37.6830963075987,31.6783102293147
2008-07-04,26.871758107695,32.9310093658274,26.4496529638701
2008-07-11,23.2089747628914,28.0972246542836,21.3231179106412
2008-07-18,26.2658329818818,27.6819276579397,20.8056987020816
2008-07-25,29.8741511468371,38.581771775097,26.4905018487564
2008-08-01,30.8885651215131,33.7888359484394,28.0972246542836
2008-08-08,34.6875114159377,35.1913143295353,28.9959001217819
2008-08-15,38.3298703182982,40.2838086453589,34.2517899771507
2008-08-22,27.4572587910651,39.2081213433534,26.7900603379225
2008-08-29,32.2774272076469,32.8084627111686,26.7764440429604
2008-09-05,29.016324564225,35.1708898870921,27.4027936112168
2008-09-12,25.6735241510307,32.2093457328364,23.6378880541974
2008-09-19,29.8196859669887,31.9097872436703,21.0236275029499
2008-09-26,26.0411641150072,28.9414349419335,21.7860719393525
2008-10-03,15.7336288287011,27.150892154418,15.2638666525088
2008-10-10,9.56544721087194,15.2298259151036,8.85059172536194
2008-10-17,8.89144061024822,12.0844617788596,7.25748521479679
2008-10-24,4.30274920802211,9.5314064734667,3.94872553900763
2008-10-31,9.6607612756066,10.9679255919678,2.94111971181258
2008-11-07,4.78612767917649,11.4444959156411,4.43891215764306
2008-11-14,4.15977811092011,5.90266386606831,3.28833523334601
2008-11-21,2.19903163637839,4.93590692375954,1.96755462202277
2008-11-28,3.51981224770163,3.63555075487944,1.96755462202277
2008-12-05,3.47896336281535,3.71724852465201,2.42370050325296
2008-12-12,4.0440396037423,4.28232476557897,3.41769003548592
2008-12-19,4.54784251733982,5.31035503521716,3.92830109656449
2008-12-26,4.11892922603382,4.59549954970716,3.78532999946249
2009-01-02,4.82697656406278,4.92909877627849,3.88064406419716
2009-01-09,4.7588950892523,6.22945494515859,4.63634843459344
2009-01-16,4.26870847061687,4.67719731947973,3.69682408220887
2009-01-23,4.05765589870439,4.22105143824954,3.40407374052382
2009-01-30,3.50619595273954,4.35721438787049,3.43130633044801
2009-02-06,2.81857305715372,3.43811447792906,2.24668866874572
2009-02-13,2.28753755363201,3.08409080891458,2.25349681622677
2009-02-20,1.77011834507239,2.21264793134048,1.57268206812201
2009-02-27,1.55225762567886,2.09010127668163,1.45013541346315
2009-03-06,1.20504210414543,1.80415908247763,1.06207100704343
2009-03-13,1.54544947819781,1.77011834507239,0.939524352384575
2009-03-20,1.64076354293248,1.81777537743972,1.23227469406962
2009-03-27,2.13775830904896,2.26030496370782,1.5999146580462
2009-04-03,3.05005007150934,3.39045744556173,1.83819981988286
2009-04-10,3.02281748158515,3.54704483762582,2.59390419027915
2009-04-17,3.42449818296696,3.96914998145078,2.98196859669887
2009-04-24,5.05164543093735,5.11291875826678,2.84580564707791
2009-05-01,5.44651798483811,6.16137347034812,4.42529586268097
2009-05-08,7.14855485510002,8.06084661756041,5.6303379668264
2009-05-15,6.28392012500697,7.82256145572374,5.37162836254659
2009-05-22,6.10010014301869,7.29152595220203,6.01159422576507
2009-05-29,6.74687415371821,6.93750228318755,5.71203573659897
2009-06-05,6.81495562852869,7.35279927953145,6.42689122210897
2009-06-12,6.19541420775335,6.87622895585812,5.99116978332193
2009-06-19,5.54183204957278,6.03201866820821,5.11972690574783
2009-06-26,5.6167216718643,5.65076240926954,4.68400546696078
2009-07-03,5.01079654605106,5.71203573659897,4.93590692375954
2009-07-10,4.65677287703659,5.22184911796354,4.30274920802211
2009-07-17,5.84819868621992,6.03882681568926,4.4865691900104
2009-07-24,7.40726445937984,7.55023555648184,6.10010014301869
2009-07-31,6.36561789477954,7.86933342891854,6.16137347034812
2009-08-07,8.52380064627165,8.72804507070308,6.60390305661621
2009-08-14,9.06845244475546,9.5314064734667,7.63193332625441
2009-08-21,9.52459832598565,9.74926719286022,8.18339327221927
2009-08-28,10.0215930921021,10.1917967791283,9.47694129361832
2009-09-04,10.5594367431049,10.6547508078396,9.05483614979337
2009-09-11,11.3900307357927,11.7917114371745,10.7636811675363
2009-09-18,12.8401661492559,14.1132897282118,11.6078914551862
2009-09-25,11.9823395666439,13.4733238649933,11.4444959156411
2009-10-02,10.9815418869298,12.2750899083289,9.79011607774651
2009-10-09,12.288706203291,12.7652765269643,10.9679255919678
2009-10-16,11.4717285055653,12.8265498542938,11.1245129840318
2009-10-23,11.2402514912097,11.9142580918334,10.7636811675363
2009-10-30,10.2734945489009,11.6283158976294,8.8165509879567
2009-11-06,10.4505063834081,10.8181463473847,9.33397019651632
2009-11-13,11.8393684695419,12.1185025162648,10.9066522646383
2009-11-20,11.1313211315129,12.5950728399381,11.001966329373
2009-11-27,10.7500648725742,11.3968388832738,10.293918991344
2009-12-04,11.008774476854,11.3764144408306,10.1577560417231
2009-12-11,10.3551923186735,11.1925944588423,10.1713723366852
2009-12-18,10.4096574985218,11.1108966890698,10.2258375165336
2009-12-25,10.436890088446,10.7364485776121,10.3075352863061
2010-01-01,10.1713723366852,10.6070937754722,10.1237153043178
2010-01-08,12.3227469406962,12.6359217248244,10.5656321573126
2010-01-15,12.5269913651277,13.0171779837631,11.9891477141249
2010-01-22,11.0836640991456,12.6903869046728,10.9951581818919
2010-01-29,10.5526285956238,11.4240714731979,10.4641226783702
2010-02-05,10.6955996927258,11.6759729299967,10.1305234517989
2010-02-12,11.4444959156411,11.5261936854137,10.4851598540867
2010-02-19,11.0564315092214,12.2206247284805,10.7568730200553
2010-02-26,11.3219492609822,11.4240714731979,10.5526285956238
2010-03-05,12.1661595486321,12.2410491709237,11.4240714731979
2010-03-12,13.3371609153723,13.5414053398038,12.1865839910753
2010-03-19,13.2758875880429,13.9907430735529,12.4589098903172
2010-03-26,14.9030348360133,15.3115236848761,12.8537824442179
2010-04-02,14.5013541346315,15.0732385230395,14.0247838109581
2010-04-09,16.4212517242869,16.7888916882635,14.6783659691387
2010-04-16,15.5906577315991,16.9863279652139,15.1957851776983
2010-04-23,17.1020664723917,17.6467182708755,15.0255814906721
2010-04-30,16.9250546378844,18.0892478571436,16.4961413465784
2010-05-07,14.42646451234,17.5854449435461,12.3091306457341
2010-05-14,15.9514895480946,16.9386709328465,15.3727970122056
2010-05-21,14.2971097102,16.1148850876398,12.9763290988768
2010-05-28,15.9855302854999,16.6731531810857,13.282695735524
2010-06-04,16.5097576415405,17.3335434867473,15.5974658790801
2010-06-11,17.5105553212545,17.5514042061408,15.148128145331
2010-06-18,18.2186026592835,18.5181611484496,17.4492819939251
2010-06-25,18.0415908247763,18.9538825872366,17.3199271917852
2010-07-02,14.6987904115819,18.0773335990518,14.1132897282118
2010-07-09,15.8765999258031,16.1353095300829,14.5013541346315
2010-07-16,15.999146580462,16.863781310555,15.4749192244213
2010-07-23,17.3880086665957,17.428857551482,15.4000296021298
2010-07-30,18.286684134094,18.7155974254,17.0544094400243
2010-08-06,19.6142728928983,20.0840350690905,18.5181611484496
2010-08-13,19.3283306986943,19.8729824971781,18.2254108067645
2010-08-20,20.1725409863442,20.7444253747522,19.2125921915164
2010-08-27,19.9478721194696,20.4789076229913,18.3956144937907
2010-09-03,21.0984490437666,21.3367342056033,19.1240862742628
2010-09-10,21.5273623350726,22.153711903329,20.7920824071195
2010-09-17,21.7928800868335,22.2490259680637,21.3299260581223
2010-09-24,22.9638814535737,23.0523873708273,21.4116238278948
2010-10-01,23.9578709858067,24.441249456961,23.0455792233463
2010-10-08,25.3943901043077,25.5101286114855,24.005528018174
2010-10-15,26.3271063092112,26.9534558774676,25.5169367589666
2010-10-22,26.4019959315028,26.6402810933394,24.8429301583428
2010-10-29,31.2357806430466,31.4192602176608,26.6538973883015
2010-11-05,35.3887506064856,37.7647940773713,31.5081065422885
2010-11-12,32.9650501032327,36.6278334480363,32.5497531068888
2010-11-19,33.6254404088943,34.3334877469233,30.0239303914201
2010-11-26,34.0815862901245,34.8168662180776,33.1624863801831
2010-12-03,33.5233181966786,35.4568320812961,32.1344561105449
2010-12-10,30.8749488265511,34.0679699951624,30.796655130519
2010-12-17,30.8953732689942,31.6238450494663,28.3899749959687
2010-12-24,31.1881236106793,32.9173930708654,30.9157977114373
2010-12-31,31.2834376754139,31.4536413624401,30.0579711288253
2011-01-07,33.9658477829467,34.0407374052382,30.8272917941837
2011-01-14,32.726764941396,34.7555928907482,31.9165953911513
2011-01-21,30.86814067907,33.0535560204863,30.0307385389012
2011-01-28,31.0451525135772,32.148072405507,30.1056281611927
2011-02-04,31.3379028552623,34.4832669915063,31.0791932509825
2011-02-11,32.148072405507,32.4680553371162,30.9838791862478
2011-02-18,32.5157123694835,33.3939633945387,31.8280894738977
2011-02-25,31.3174784128192,32.1753049954312,29.717563754773
2011-03-04,29.717563754773,31.9846768659618,29.1116386289597
2011-03-11,27.2734388090769,29.8333022619508,26.007123377602
2011-03-18,24.7408079461271,26.871758107695,24.5433716691767
2011-03-25,28.9754756793388,29.6154415425572,25.1152560575848
2011-04-01,29.717563754773,30.11917637468,27.7091602478639
2011-04-08,30.3779540604346,31.0451525135772,29.3907726756827
2011-04-15,30.0443548338632,30.5549658949418,28.8801616146041
2011-04-22,31.297053970376,31.8076650314546,29.1661038088081
2011-04-29,32.005101308405,32.0527583407723,31.0587688085393
2011-05-06,29.4724704454552,32.8493115960549,28.8256964347557
2011-05-13,29.002708269263,30.5549658949418,28.9959001217819
2011-05-20,28.4172075858929,29.4622582242337,27.5253402658756
2011-05-27,28.1721142765751,28.5874112729191,26.9534558774676
2011-06-03,28.6486846002485,29.4248134130879,27.9202128197764
2011-06-10,26.4224203739459,29.0571734491113,26.007123377602
2011-06-17,26.007123377602,27.1985491867853,25.8164952481327
2011-06-24,26.6811299782257,27.2462062191527,25.3467330719404
2011-07-01,29.8809592943181,29.9898896540149,26.4836937012753
2011-07-08,31.3242865603002,31.3719435926675,29.4656622979742
2011-07-15,30.6366636647144,31.3038621178571,29.4656622979742
2011-07-22,31.7463917041252,32.011909455886,29.9081918842423
2011-07-29,32.1208398155828,32.9990908406379,31.147274725793
2011-08-05,28.5057135031465,33.1889019924095,26.4088040789838
2011-08-12,29.6767148698867,30.0783955712685,24.5637961116199
2011-08-19,28.1789224240562,30.861332531589,27.5117239709135
2011-08-26,29.8401104094318,30.15328519356,27.4096017586978
2011-09-02,30.7047451395249,32.4748634845973,30.1737096360031
2011-09-09,31.7395835566441,32.9888786194163,29.4520460030121
2011-09-16,32.3114679450521,33.0195152830811,31.0315362186152
2011-09-23,30.2145585208894,34.3743366318095,29.9286163266854
2011-09-30,26.1024374423367,31.3174784128192,25.7007567409548
2011-10-07,28.3355098161203,29.2409934310996,24.6454938813925
2011-10-14,30.8068673517406,31.147274725793,28.9550512368956
2011-10-21,28.1108409492457,31.2289724955655,27.2870551040389
2011-10-28,32.7676138262823,33.6594811462995,28.1925387190183
2011-11-04,32.7063404989529,33.5301263441596,30.6775125496007
2011-11-11,31.5693798696179,32.9990908406379,29.8469185569129
2011-11-18,30.8204836467027,32.8084627111686,30.8068673517406
2011-11-25,28.866545319642,30.4596518302072,28.7508068124642
2011-12-02,31.3310947077813,32.1977718821186,29.6699067224056
2011-12-09,29.9354244741665,31.8893628012272,29.3090749059101
2011-12-16,28.2742364887909,29.7379881972161,27.2530143666337
2011-12-23,29.6426741324814,29.6630985749246,27.443642496103
2011-12-30,29.0912141865166,30.1600933410411,28.6635263617572
2012-01-06,28.7099579275779,30.4051866503588,28.437632028336
2012-01-13,31.3515191502244,31.4876820998453,28.7031497800969
2012-01-20,31.6306531969473,32.3387005349763,31.2766295279329
2012-01-27,33.7139463261479,34.5036914339494,31.7055428192389
2012-02-03,35.3410935741183,35.3751343115236,32.8833523334601
2012-02-10,35.1232328547248,36.2874260739839,34.6398543835704
2012-02-17,35.9402105524505,36.7639963976573,34.585389203722
2012-02-24,36.3214668113892,36.6550660379605,35.9470186999315
2012-03-02,38.3843354981466,39.4123657677848,36.0967979445146
2012-03-09,37.3290726385842,38.5000740053244,35.8857453726021
2012-03-16,38.7043184297559,39.4770371545902,36.7980371350625
2012-03-23,39.3402727785133,40.9267395410051,38.7111566485597
2012-03-30,39.3676256537287,40.7489458521051,38.4239514587982
2012-04-06,40.1813736913861,40.2497558794245,38.8821121186558
2012-04-13,41.5490174521549,42.4585005530661,39.0530675887519
2012-04-20,39.6001250930594,41.3028415752165,39.353949216121
2012-04-27,38.2051284570752,40.2086581844134,37.9863054553522
2012-05-04,37.0152783852064,38.7316713049712,36.7143967578373
2012-05-11,35.3399147782647,37.0898833523564,34.6287400226649
2012-05-18,31.7156588122275,34.8680776807995,31.5583797797391
2012-05-25,32.7687445080194,33.664551171323,31.2233070583507
2012-06-01,29.3838262001168,33.7124187029499,28.7410336325554
2012-06-08,31.5447033421314,33.2337433866808,28.2247481128652
2012-06-15,30.8950725557662,32.4063189114157,30.0471334240896
2012-06-22,30.7087352620828,32.1802241438754,30.3443010997697
2012-06-29,29.9042296584859,30.3511772160397,28.7077854274957
2012-07-06,29.1478568687794,30.1414556698029,28.8865644505172
2012-07-13,27.1950398480827,29.0378390084585,26.8924907322001
2012-07-20,28.0132976842197,29.1272285199692,26.8374818020397
2012-07-27,25.2800414668713,27.2019159643528,23.8738756896443
2012-08-03,26.644950546478,26.7137117091786,24.9465498277735
2012-08-10,27.4700844988851,28.3227229163724,26.1980029889242
2012-08-17,28.4877497068538,28.9484494969477,26.6174460813978
2012-08-24,29.3128836592608,30.1655220767481,28.8796883342471
2012-08-31,29.1478568687794,29.560423844983,28.4946258231238
2012-09-07,30.4611950763607,30.736239727163,27.8482708937383
2012-09-14,32.1458435625251,32.72343732921,29.7460789842745
2012-09-21,31.0560038895397,32.5265053592355,31.0560038895397
2012-09-28,32.0584795271139,32.7567556608725,30.5927218724787
2012-10-05,31.3671170184421,32.5562605333577,30.9730403884991
2012-10-12,30.3922958812148,31.2772398923147,29.4727837446812
2012-10-19,31.3048943926616,32.1137885278077,30.4406912568218
2012-10-26,31.7819345236452,32.2313201542819,30.4890866324288
2012-11-02,31.8718116497725,32.6323104093116,31.2979807675749
2012-11-09,30.0742691272257,31.7681072734718,29.2791331060022
2012-11-16,29.2238932415593,30.2874161886492,27.8480818493023
2012-11-23,30.5443956331226,30.6550136345101,29.673278872196
2012-11-30,32.2520610295421,32.6668785347452,30.1503190031796
2012-12-07,32.0709805093362,33.2545366671162,31.173535516014
2012-12-14,34.0694471069397,34.4808961123287,31.9607709543213
2012-12-21,34.1845757522567,35.2186813281676,33.8743440794834
2012-12-28,33.0322866819559,34.2953727782471,32.8284201541334
2013-01-04,37.8115533303964,37.9147422939355,32.832852035173
2013-01-11,38.7937320334598,39.8352240777701,37.2720456785068
2013-01-18,38.5721379814789,39.000553148642,38.1806551563126
2013-01-25,38.9340749330477,39.8426105461695,38.4613409554884
2013-02-01,41.2681989472467,41.3199042260423,37.5971241527628
2013-02-08,40.3670498025243,40.9801266796715,39.1187366430318
2013-02-15,39.0744178326356,40.6994408804957,38.6312297286738
2013-02-22,37.4715541899736,38.1511092827151,35.667630877481
2013-03-01,37.8999693571368,39.2590795426197,36.2971057144748
2013-03-08,38.6607756022713,38.9562343382458,36.8067720340309
2013-03-15,39.5840841521917,39.8721564197669,38.5499785762808
2013-03-22,40.0325643051584,40.9694333806506,38.6016838550763
2013-03-29,41.8988669872897,42.2557694922391,40.3374185281361
2013-04-05,39.1997917936098,42.1591083971487,37.891149275462
2013-04-12,41.6311901085777,41.7501576102275,39.3038883575534
2013-04-19,39.4525977346157,41.5047871380747,38.251769514838
2013-04-26,41.7650285479337,42.4639626201263,39.3261947641127
2013-05-03,42.4639626201263,43.036493721816,40.3076766527236
2013-05-10,43.2892996628218,43.2967351316749,41.7279255583567
2013-05-17,43.6015893546525,44.5905067121165,42.9918809086973
2013-05-24,42.7911232496632,45.0143284367439,42.0029635512333
2013-05-31,43.0513646595222,44.293087957992,43.0439291906691
2013-06-07,42.5829301217761,43.9064435776301,41.8245122987586
2013-06-14,41.9657862069677,43.4157026333247,40.7464436697458
2013-06-21,39.1185110576942,43.0460724088684,38.841711495802
2013-06-28,39.5972994890755,39.9563908126114,35.8717270073903
2013-07-05,39.2307270962992,40.7344220136059,37.9065778407605
2013-07-12,40.4875467286749,41.1084754756225,38.8716357727633
2013-07-19,41.864063468896,42.2156737231915,40.6222059750009
2013-07-26,41.1159565448628,42.3054465540755,39.5748562813545
2013-08-02,43.0086670626667,43.1807316551943,40.8580092774562
2013-08-09,41.9912416459816,43.4724933555673,41.8042149149733
2013-08-16,42.1259008923076,42.7094242930534,41.684517807128
2013-08-23,42.6420946698904,43.016148131907,41.7892527764926
2013-08-30,42.1558251692689,42.9787427857054,40.6670923904429
2013-09-06,44.3178541797247,44.5871726723767,42.6346136006501
2013-09-13,47.5347139530673,47.8638809996419,44.7667183341446
2013-09-20,48.965461501219,49.5871197797252,47.4526466235009
2013-09-27,49.5521444500815,50.6585683190261,48.4389511624962
2013-10-04,49.91318011092,50.5140036231654,48.2885196371468
2013-10-11,51.3949306356113,51.4099737881462,47.7544877221566
2013-10-18,54.5464710916805,54.9601577863912,50.733031924074
2013-10-25,54.0801333630975,55.2760639896249,52.8766811603025
2013-11-01,52.5607749570689,54.4035611425986,52.3110586249889
2013-11-08,52.5006023469291,53.4031914990253,51.2896285678667
2013-11-15,53.5686661769096,54.5088632103432,52.2298256013002
2013-11-22,53.0045479568495,54.7495536509022,51.8161389065895
2013-11-29,53.9146586852132,54.4411690239359,52.402821855452
2013-12-06,56.9909833786077,57.3858661326498,53.5084935667699
2013-12-13,57.5927094800052,58.4426475982291,57.0661991412824
2013-12-20,57.8509396659903,59.0295666201362,57.5713935294301
2013-12-27,59.1126749310054,59.8757603308049,57.6016147333826
2014-01-03,59.1957832418747,60.4424079049135,58.7877969885165
2014-01-10,60.8881706632123,61.8401385877146,57.9944903847645
2014-01-17,61.9005809956195,61.9232468985839,59.3771104655894
2014-01-24,55.841229603152,62.3161225499658,55.7958977972233
2014-01-31,57.8131631610498,59.2788915527439,54.919482882602
2014-02-07,58.1531517055149,58.3118130262653,52.2449063328096
2014-02-14,60.5557374197352,60.7295093424618,57.2691814899055
2014-02-21,61.1148296928557,61.4397076353446,60.0042004476029
2014-02-28,64.4089409236735,64.8698142839484,61.1072743918676
2014-03-07,65.7537844995578,66.6981971230721,62.7769959102408
2014-03-14,62.1423506272392,65.8066716064746,61.1828274017487
2014-03-21,61.8911329453921,63.7894062426481,61.1917981098509
2014-03-28,59.4814683490166,62.491648728085,56.7905495253039
2014-04-04,59.5270771426388,64.0347462456378,59.1089965344349
2014-04-11,56.7221363348705,60.2416149093874,56.0380044305368
2014-04-18,58.1208060059528,58.5464880797605,54.0388189767615
2014-04-25,58.5312851485531,61.0321673321731,57.178224271093
2014-05-02,61.267812765888,61.761908030129,55.4983003726735
2014-05-09,56.7677451284928,60.773717501647,55.8707721872552
2014-05-16,55.6123223567291,58.5312851485531,54.5101098441914
2014-05-23,56.9349773717743,57.1554198742819,54.730552346699
2014-05-30,58.1664147995751,58.7061188574383,56.6537231444371
2014-06-06,56.5929114196075,58.9645686879644,56.31933467253
2014-06-13,56.0760117585553,56.7677451284928,54.0464204423652
2014-06-20,57.6785208388538,57.8162697276821,55.1638358861103
2014-06-27,58.0994202213849,59.6452688626809,56.8596802219296
2014-07-04,59.6452688626809,60.0738209612581,57.7933115795441
2014-07-11,57.0892617033102,59.6070052824508,56.5765297282269
2014-07-18,55.7423836792107,58.137683801615,55.0413948893952
2014-07-25,55.9719651605913,56.9438600984358,55.107208247391
2014-08-01,55.6505510866584,57.778006147452,55.1131008387464
2014-08-08,52.1379544215352,56.3546009628923,50.3778297309506
2014-08-15,52.3598831868698,52.8802678779991,51.5257371378536
2014-08-22,52.9644477545054,53.3929998530825,52.1685652857193
2014-08-29,50.8982144220799,53.18637651984,50.538536767917
2014-09-05,48.0743622010985,49.8574450398212,47.5310193618311
2014-09-12,48.3651654108473,49.0768680031271,47.3243960285885
2014-09-19,48.0723218757102,49.8230706428827,45.5489659059119
2014-09-26,47.7638198903053,48.2342854180477,46.0824840698489
2014-10-03,48.1957226698721,48.8204391903169,45.5657432442958
2014-10-10,46.5683746968615,49.65339455091,46.3909860552537
2014-10-17,49.1597913742622,50.7717142480026,44.686512585892
2014-10-24,48.3962489603852,50.0467345823012,47.8563704859268
2014-10-31,48.0183340282643,48.5614517735695,46.0439213216733
2014-11-07,45.9128079778762,48.7356011443306,44.4628486464735
2014-11-14,48.9824027326544,49.0286780304652,45.6120185421065
2014-11-21,49.1829290231676,50.4015118655167,47.1707248233645
2014-11-28,49.1212286260866,49.9618965363148,48.5312185789999
2014-12-05,45.6737189391875,48.951552534114,45.0490024187427
2014-12-12,42.6889622303956,45.6660063895524,41.632342930384
2014-12-19,43.9410633177563,44.0189177885532,38.7870973510032
2014-12-26,45.3580146862595,45.6382907811282,43.1158059273095
2015-01-02,43.8320670586407,46.0742758175907,43.1313768214688
2015-01-09,42.9055988561579,43.9332778706767,40.959237086236
2015-01-16,42.7343190204048,44.0967722593501,41.6287855350892
2015-01-23,41.955774312436,42.5863955258907,40.7023173326063
2015-01-30,42.329475772261,44.6257933884149,42.1940089930745
2015-02-06,43.1080204802298,45.1322367209485,41.457505699336
2015-02-13,47.0474567025517,47.4600853977751,42.4851847138548
2015-02-20,46.9851731259142,47.9505685637954,46.4946899598939
2015-02-27,44.299193883422,46.3389810183001,42.430686584297
2015-03-06,42.8900279619985,45.3658001333392,42.8433152795204
2015-03-13,40.7723863563235,43.1235913743892,39.8926308363188
2015-03-20,44.1344384130749,44.8826132255735,39.9704853071157
2015-03-27,43.1184957729452,45.1818831505729,42.921607664393
2015-04-03,44.2368202295221,44.5282146301794,42.5120803986043
2015-04-10,46.6939838242543,47.1743908091218,43.8194174393913
2015-04-17,43.4413922709709,46.4655936183337,43.0428119840177
2015-04-24,43.5122719900497,45.0873768584678,42.5199559229463
2015-05-01,41.6300216722901,43.9375503045226,40.9606021032124
2015-05-08,41.535515380185,43.1003820669584,40.6770832268972
2015-05-15,40.141547571635,41.6536482453164,40.054916803872
2015-05-22,40.9133489571599,41.5433909045271,39.4721280025573
2015-05-29,40.0312902308458,40.6692077025551,39.0389741637424
2015-06-05,43.3153838814975,43.5989027578127,39.1256049315054
2015-06-12,41.1417391630805,42.0631755111051,40.6692077025551
2015-06-19,42.2871991183563,43.434835129107,40.7952160920285
2015-06-26,40.8048359378033,42.6856838443114,40.5019875460774
2015-07-03,42.8928959018081,44.0325622180397,39.8006544283964
2015-07-10,43.7058047427565,45.3635012027297,42.2393809512417
2015-07-17,43.2515321551677,46.0409252368534,42.8450777346934
2015-07-24,43.6818956591992,45.8257434848377,42.9168049853654
2015-07-31,44.6621680850487,45.1244103671567,42.5262899539293
2015-08-07,45.2678648685005,45.8098040957995,43.5543805468935
2015-08-14,41.7691689746146,45.7301071506084,41.4981993609652
2015-08-21,38.2465639971715,41.8169871417293,37.5651551157882
2015-08-28,37.744473242468,38.3262609423625,31.8787780764088
2015-09-04,37.9118368273692,38.5733214724547,35.5822951194356
2015-09-11,37.3619279055511,39.3304424517694,36.5490190646027
2015-09-18,36.5888675371982,38.9478971148525,36.4271845167068
2015-09-25,33.6704890173289,36.8718128230581,33.4683852417147
2015-10-02,33.0399252374125,33.6462365642552,29.5314036927497
2015-10-09,37.979341513424,38.3350441585051,33.3511650518584
2015-10-16,40.1943988941559,40.8249626740722,36.9769067863775
2015-10-23,39.7659388898537,40.0488841757136,37.1466739578935
2015-10-30,40.0246317226399,40.2429038003033,38.1167720808417
2015-11-06,40.2429038003033,42.1507634421015,39.6123400203869
2015-11-13,36.9364860312547,39.5314985101412,36.5726992351491
2015-11-20,36.443352818756,37.4781241499008,35.9987245124047
2015-11-27,35.8289573408887,37.1870947130163,35.2873192222426
2015-12-04,35.3196558263409,37.3649460355568,34.6001663851543
2015-12-11,33.3552071273707,36.5807833861736,33.1692716538056
2015-12-18,34.098949021631,35.4975071488814,32.5104133453033
2015-12-25,36.4225711196617,36.8659477744097,34.033263591298
2016-01-01,35.9956158224971,36.9439492229301,35.4701323798329
2016-01-08,32.0298579661408,36.8248943804515,31.8163803175584
2016-01-15,31.7917482811836,33.1793529969687,29.5338116134859
2016-01-22,32.046279323724,32.5799734451799,28.6388476251984
2016-01-29,37.0301613502422,37.0383720290339,31.4633211295184
2016-02-05,34.4684295672543,36.8741584532013,33.392830645551
2016-02-12,36.2008827922878,36.4061497620785,32.0380686449324
2016-02-19,37.6541729384059,38.3520806356943,36.075177299988
2016-02-26,39.3455727694813,39.7396853514795,37.2436389988246
2016-03-04,42.531316140633,43.721864565419,39.0828310481492
2016-03-11,42.3506812072172,42.662687001299,40.0270591091864
2016-03-18,44.6168285537065,45.5986983353807,42.1126536290479
2016-03-25,43.6599215630917,44.982949489246,42.4034610797628
2016-04-01,43.0358517866039,44.6750750661787,41.2634936213783
2016-04-08,41.1719633874934,43.1107401597824,40.4147587253548
2016-04-15,42.3868192190565,43.0608145776634,40.7975215216007
2016-04-22,39.0002005653156,44.3588797127582,38.2846005549428
2016-04-29,37.5690005445701,38.9835587046093,37.4109028678598
2016-05-06,37.8519121765779,39.4328889436805,36.8284377431378
2016-05-13,37.3526563553876,38.5009447441253,36.9605741171462
2016-05-20,37.4358656589193,38.4426982316531,36.6703400664275
2016-05-27,38.4343773012999,38.7422517243673,37.3609772857408
2016-06-03,38.9003494010775,39.0834098688473,37.5107540320979
2016-06-10,38.484302883419,40.0985633719343,38.1597865996453
2016-06-17,39.0834098688473,39.5743447596845,37.8602331069311
2016-06-24,36.6235355373997,39.7100260641027,36.5284039800698
2016-07-01,36.9617810745726,37.49451779562,35.0506937895455
2016-07-08,37.3169388886042,37.5198862109079,35.7610094176087
2016-07-15,39.0504472666155,39.5701615344817,37.8412194712222
2016-07-22,40.0144470475584,40.1412891239982,38.7967631137358
2016-07-29,42.830341144523,43.3207971734238,40.2258505082914
2016-08-05,42.1707623470358,43.1009375742614,41.5111835495486
2016-08-12,43.8027970638952,44.4454635845238,42.3906219461982
2016-08-19,44.1494987394975,44.6906070375899,43.3694199693924
2016-08-26,42.5597447147847,44.8175336754141,42.1876746238945
2016-09-02,45.6039545493411,46.2549926470147,42.3145167003343
2016-09-09,47.0499542207554,47.5023576267242,45.6631475183464
2016-09-16,49.3077431813848,49.5952518879818,46.3734631464096
2016-09-23,49.1420641706661,49.3838484272487,47.8145946784296
2016-09-30,49.2790932795421,49.767259479913,48.0201383417436
2016-10-07,49.9984961011413,51.2231937617208,49.6730519675607
2016-10-14,49.4418153463324,51.3859158285111,48.5853834158572
2016-10-21,48.9536491459616,50.0498820169698,48.3027608788004
2016-10-28,49.4589439849419,50.2982472768076,48.491175903505
2016-11-04,50.5979984524739,51.358681293122,48.2342463243624
2016-11-11,49.6730519675607,51.8655177095772,49.09496041449
2016-11-18,51.8912106674915,52.1995261624625,48.0800885768769
2016-11-25,53.8181825110606,53.9123900234129,52.4478914223003
2016-12-02,52.2337834396815,54.2806557535172,51.7027956427869
2016-12-09,47.3949430324967,53.7840108770347,46.24732424566
2016-12-16,48.8251843563903,50.6579486876072,47.557665099287
2016-12-23,47.0729903855797,48.8431083650559,46.6825231842247
2016-12-30,46.3441182763836,47.3593329999067,46.0490986131376
2017-01-06,48.1315903536978,48.3919018212678,45.5892150204306
2017-01-13,47.9667264242368,49.858323088579,47.6022903696388
2017-01-20,48.3658706745108,49.2335755664109,47.7845083969378
2017-01-27,46.2660248361126,49.2422526153299,45.0338838896145
2017-02-03,44.9557904493435,46.4221249461654,44.6607707860975
2017-02-10,45.7627559988106,46.2573477871936,44.691140457314
2017-02-17,45.1466855255615,47.0782833854203,44.9904986450195
2017-02-24,45.2681642104275,45.4330281398885,44.5566461990695
2017-03-03,46.7172313799007,48.0100248983426,45.0338838896145
2017-03-10,47.0382821899037,47.3940411955827,46.3180871296266
2017-03-17,49.606688669928,49.893031284255,47.1857920215267
2017-03-24,48.8917724580812,50.5443530445823,48.5489498896049
2017-03-31,50.1663691870316,50.5759982047494,48.0918531316365
2017-04-07,49.4016111496614,51.4058046269074,49.2609659933634
2017-04-14,49.1379014816027,50.0476998364051,48.5049982782618
2017-04-21,50.4388691773589,50.9311272244018,48.9620950362302
2017-04-28,51.8541110626072,52.6100787777088,50.271853054255
2017-05-05,51.6431433281602,52.6100787777088,50.8871756130586
2017-05-12,51.555240105474,51.9859658966365,49.9378208080474
2017-05-19,49.9026595189729,51.6167723613544,49.5158853391534
2017-05-26,51.0014498025507,51.4761272050564,50.3245949878668
2017-06-02,54.983465790237,55.168062557878,51.019030447088
2017-06-09,55.98556252886,57.0360060399604,54.4956029043284
2017-06-16,57.128304423781,57.6557237598984,55.2735464251015
2017-06-23,57.7558928965271,58.2095140628216,56.689137909982
2017-06-30,56.7958134086365,58.0492505178269,55.8979612949611
2017-07-07,54.9112129324069,56.4135595384579,54.4853999002777
2017-07-14,54.2889391902556,55.7290584220914,53.0710605806167
2017-07-21,55.4357008007916,55.835733920746,53.6755550729922
2017-07-28,54.475621312901,56.3780010389064,53.3377493272529
2017-08-04,54.2000429413769,55.6846102976521,53.3466389521408
2017-08-11,53.0355020810652,54.8934336826312,52.8843784579713
2017-08-18,53.3466389521408,55.3379149270249,52.5910208366714
2017-08-25,53.4444248259074,54.3867250640223,52.9377162072985
2017-09-01,55.8890716700732,56.1850961788395,53.2044049539348
2017-09-08,56.1113122922701,56.777145196372,55.0001091812857
2017-09-15,56.2268774158125,57.5692107738817,56.1824292913731
2017-09-22,57.1596761076657,57.7025551471998,56.3602217891306
2017-09-29,57.6901812028918,58.1217785684995,56.0087497993786
2017-10-06,57.7800973207267,59.2457300414361,56.4853052239037
2017-10-13,55.7569846694408,57.9329547210461,54.77689898504
2017-10-20,56.3684142707183,56.9079109777279,55.0376557267613
2017-10-27,55.5232027630699,57.8250553796442,54.7139577025556
2017-11-03,59.2367384296526,59.2816964885701,54.740932537906
2017-11-10,60.6034634207436,61.5116162108764,59.1648055353847
2017-11-17,59.7942183602292,60.8911949978153,57.9958960035306
2017-11-24,60.8282537153309,61.0890104570522,60.0729583255175
2017-12-01,62.7974166959159,63.3522890590752,60.2617821729708
2017-12-08,63.2649805086575,63.6965778742652,61.34077558699
2017-12-15,63.3908630736264,64.2180014415899,62.9502740962353
2017-12-22,63.354426460246,64.9194370768202,63.1636545996688
2017-12-29,63.127317102416,64.4718045007694,63.1000639794764
2018-01-05,61.7010703352439,63.4588967648478,61.3195266140895
2018-01-12,64.5172263723354,64.7175368259414,61.3922016085951
2018-01-19,67.6876730076417,68.1328073489884,65.462001300908
2018-01-26,68.5870260646483,71.3759289788002,67.6967573819549
2018-02-02,68.296326086626,72.5296445165764,68.2236510921204
2018-02-09,64.499057623709,68.5779416903351,61.891842195821
2018-02-16,68.1509760976148,68.8686416683575,64.4354670035166
2018-02-23,67.5241542700041,69.1956791436326,65.8435450220624
2018-03-02,64.9623607136821,67.9965417342904,62.9183764932125
2018-03-09,69.4682103730286,70.085947826326,63.5270295721968
2018-03-16,68.1782292205544,69.9496822116281,66.5339574698654
2018-03-23,63.6170407049171,68.5779416903351,63.6078634053347
2018-03-30,65.9847839971658,67.1319464449608,64.1860332790233
2018-04-06,63.5252677090935,67.5541022257493,62.8277929408341
2018-04-13,65.911365600507,67.2237194407844,63.7455228990701
2018-04-20,67.8110666140554,69.3620302434742,65.7920607059363
2018-04-27,66.3794078792073,68.8297468676973,66.0490250942424
2018-05-04,70.096214210063,70.6193202862575,66.8474501579077
2018-05-11,71.7114189365583,73.0696592747475,69.8989022690422
2018-05-18,71.500341046164,72.7117445910355,70.224696404216
2018-05-25,72.8218721860238,73.2532052663947,71.6563551390641
2018-06-01,73.8497297392481,74.2259990221248,72.2345250127528
2018-06-08,71.5829367424052,73.9231481359069,70.7753343791576
2018-06-15,73.7579567434245,74.3361266171131,71.8215465315466
2018-06-22,73.9271387690755,75.0295610138775,72.9595316797592
2018-06-29,70.7403047168747,73.4824642501637,69.8185314953806
2018-07-06,67.043947778421,67.7665438716525,64.9132157086356
2018-07-13,68.3038589153375,68.6373648045213,66.3491438426214
2018-07-20,68.4150275450655,69.4526014225262,67.9610889736764
2018-07-27,66.2657673703254,70.4994393524642,65.0707046007501
2018-08-03,63.597720256855,66.918883069977,62.3285450674611
2018-08-10,62.8565960586688,64.5889738719291,62.4026574872797
2018-08-17,61.0130496156806,62.9955568458287,59.3084639598523
2018-08-24,60.7165999364061,62.0598875456186,60.5127907819049
2018-08-31,60.6054313066782,62.5601463793943,60.2719254174944
2018-09-07,56.1586861175608,60.6054313066782,55.3527135520333
2018-09-14,56.8905462632697,58.085609032845,54.7596289124348
2018-09-21,57.165414580102,57.9626352920476,56.1196485873733
2018-09-28,55.6460056938056,57.1372773785039,55.3740127450242
2018-10-05,55.0551244602459,57.6531260744687,54.173492143506
2018-10-12,52.663462324409,55.4021499466222,51.6317649324793
2018-10-19,52.2038880316403,54.4830013610849,51.8662416124633
2018-10-26,49.1369330574494,52.6447041900103,48.5085355550923
2018-11-02,52.7572529964026,54.2954200170977,46.2200431584483
2018-11-09,48.8555610414686,53.3481342299623,48.6398424958833
2018-11-16,50.4687605997586,50.8626814221318,47.6644195071499
2018-11-23,47.589386969555,50.6938582125433,45.6197828576893
2018-11-30,51.5285951932864,51.9272055492592,48.7008064326792
2018-12-07,50.0279444413887,55.5334568874133,49.5214748126232
2018-12-14,51.4348045212928,52.9823506091872,49.4558213422277
2018-12-21,46.1464653478701,51.6828996567673,45.8325438148914
2018-12-28,48.4009927210809,49.4664233784631,45.0810346904878
2019-01-04,52.4819726498041,52.6532025768834,48.4105054948075
2019-01-11,54.1847591468704,54.8316277602811,51.4450803136017
2019-01-18,54.8887044026408,55.3738558626988,52.3963576862644
2019-01-25,54.1752463731438,54.8506533077343,52.5580748396171
2019-02-01,56.9720018487723,57.0195657174054,53.0907901683082
2019-02-08,56.134877760829,58.2276879806871,55.573624110958
2019-02-15,57.3715383452906,58.1135346959676,54.6603978332018
2019-02-22,58.6081989297522,59.1979909008031,57.3905638927439
2019-03-01,57.4571533088303,59.5119124337818,57.2954361554776
2019-03-08,57.3049489292042,59.0077354262705,56.1634160820089
2019-03-15,56.8483357903261,57.6854598782693,55.4404452787852
2019-03-22,57.4034117518968,59.0223093806224,56.4202609726279
2019-03-29,58.742856813759,58.8970375403043,56.4301459155796
2019-04-05,63.5224593366633,63.6477311769814,60.0148478077578
2019-04-12,64.437907400526,64.6980873765712,62.7033742268914
2019-04-19,65.738807280752,67.0686160472052,63.6091859953451
2019-04-26,65.3919006460251,65.9122605981155,63.9657289254811
2019-05-03,65.9508057797518,66.0568050292517,64.3319081510262
2019-05-10,63.0888260432547,64.5920881270713,60.4773899873937
2019-05-17,58.1164976121688,61.5132917438699,58.0683161351234
2019-05-24,55.3412445343534,57.8081361590782,54.1559801990364
2019-05-31,52.9996247499466,56.2374200073979,52.3009933327883
2019-06-07,54.0403446541274,54.8112482868539,50.614641636199
2019-06-14,55.1967001032172,57.3455939794423,54.7148853327631
2019-06-21,57.8146537812084,58.8493242692733,54.7148853327631
2019-06-28,57.6779991884451,58.0196356703533,55.8624453131615
2019-07-05,60.3622858320096,61.2554212061411,59.669251825853
2019-07-12,61.7190707173022,62.0314240721897,59.7668622492553
2019-07-19,62.3925826387784,63.3540453092915,61.7288317596424
2019-07-26,61.6507434209205,63.8469779474733,60.2158701969061
2019-08-02,55.5208088312533,61.6995486326217,55.1206060953037
2019-08-09,52.6803455102451,54.3104395810643,51.2552333285709
2019-08-16,51.1478618628283,53.7931043370318,49.9423731338094
2019-08-23,51.840895868985,54.3202006234045,51.2552333285709
2019-08-30,54.1445018612803,54.7008812746736,51.8213737843045
2019-09-06,54.8472969097772,55.4329594501912,52.0556388004701
2019-09-13,57.922025246951,59.4154647250069,55.589136127635
2019-09-20,55.7002032815449,58.4936184114999,55.6408741106432
2019-09-27,56.471482503267,58.5875562654276,54.3356323508059
2019-10-04,55.3738928415856,58.0189850442863,54.3949615217076
2019-10-11,56.9362276753303,57.5789603600987,52.7831857122114
2019-10-18,56.8175693335269,57.3515318716422,56.0561783069551
2019-10-25,60.5355307100334,61.148598809351,56.995556846232
2019-11-01,62.3450704225352,62.3648468128358,60.7036300275882
2019-11-08,63.3635545230144,64.0310076956585,62.0088717874256
2019-11-15,61.9693190068245,62.6219398867431,61.2573689560041
2019-11-22,60.6146362712357,61.9001016407725,59.6357049513576
2019-11-29,62.0484245680267,63.037244083055,60.8124001742413
2019-12-06,63.4327718890664,63.7986351096268,60.4564251488311
2019-12-13,68.2680993175548,68.9602729780746,62.9383621315522
2019-12-20,68.53,69.9,67.79
2019-12-27,69.74,70.34,68.63
2020-01-03,69.72,70.94,68.89
2020-01-10,70.91,71.94,69.04
2020-01-17,73.36,73.49,71.05
